type of data	count	percent of total
hopped	707740	0.19483726398807136%
matched	331755033	91.33049275721639%
unknown	30783962	8.474669978795541%
