index	matched count	percent index in sample	percent index overall
TACCGGAT	76363857	23.018145741288574%	21.022585929093072%
CTCTGGAT	34976387	10.542835381792083%	9.628823504772864%
AGAGTCCA	11316780	3.4111856262328355%	3.1154526413017862%
GTAGCGTA	8119243	2.4473609116278277%	2.235186780137198%
ATCATGCG	10087503	3.0406480675758125%	2.7770388631297678%
AACAGCGA	8872034	2.6742726160841697%	2.4424263579409735%
TCGACAAG	3853350	1.1615046093362509%	1.060807883104579%
TGTTCCGT	15733007	4.742356689431144%	4.331217732762278%
TCGAGAGT	11741547	3.5392219656242565%	3.2323888609762728%
CGGTAATC	5064906	1.5267005760844028%	1.394343159065146%
TAGCCATG	10629633	3.2040608107368187%	2.926284526686799%
TCTTCGAC	42094112	12.688311498803998%	11.58829741442824%
CTAGCTCA	17332036	5.224347568526564%	4.771422377684964%
TATGGCAC	11184304	3.371253752765222%	3.0789826644966265%
ACGATCAG	7942853	2.394192162866147%	2.186627499900309%
GATCTTGC	3641072	1.0975182402131034%	1.0023688168869571%
AGGATAGC	8673180	2.614332606070817%	2.387682851437054%
CACTTCAC	4191388	1.263398466663202%	1.1538680450906187%
GCTACTCT	7416557	2.235552218434618%	2.041740856941219%
ATCGTGGT	6887592	2.076107764731334%	1.8961194516999582%
CGATCGAT	5604966	1.6894893648832752%	1.5430189620286607%
GTCCTAAG	8830276	2.661685617893851%	2.430930590470414%
GATCAAGG	6587100	1.9855312941100127%	1.81339551475941%
TCGGATTC	4611350	1.3899864482236808%	1.269481472421218%
